comparison	p.value	p.adj
het vs WT	0.0134997802851696	0.0404993408555088
KO vs WT	0.0123869137921554	0.0371607413764661
het+ARID1A vs WT	0.574418233776146	1
