comparison	p.value	p.adj
het vs WT	0.275233524074834	0.825700572224502
KO vs WT	0.184038627196425	0.552115881589276
het+ARID1A vs WT	0.512690760261923	1
