comparison	p.value	p.adj
het vs WT	0.166659722135415	0.333319444270831
KO vs WT	0.1808273122542	0.3616546245084
