comparison	p.value	p.adj
het vs WT	0.00795093193746397	0.0159018638749279
KO vs WT	0.00863875987271481	0.0172775197454296
