comparison	p.value	p.adj
het vs WT	0.250113013989248	0.500226027978496
KO vs WT	0.128963773564692	0.257927547129384
