comparison	p.value	p.adj
het vs WT	0.0535004867642657	0.160501460292797
KO vs WT	0.0326225398954625	0.0978676196863876
het+ARID1A vs WT	0.0623800599131908	0.187140179739572
