comparison	p.value	p.adj
het vs WT	0.0092127752527125	0.0276383257581375
het+RUNX3 vs WT	0.56605406957163	1
KO vs WT	0.00125572792076848	0.00376718376230545
