Estimate	Std. Error	t value	Pr(>|t|)
-0.0202798285710459	0.0353224433616807	-0.574134364471693	0.578561472292887
0.498894529047854	0.0179382466058352	27.8117778181044	8.37996077386687e-11
