Estimate	Std. Error	t value	Pr(>|t|)
-0.000809132084511364	0.0367271666506489	-0.0220308877133888	0.982856719215255
0.524504978397859	0.0186516251372254	28.1211408946364	7.51201074636184e-11
