comparison	p.value	p.adj
het+RUNX3 vs het	0.136108026730807	0.272216053461615
het+RUNX3 vs WT	0.464600275416631	0.929200550833261
