Estimate	Std. Error	t value	Pr(>|t|)
(Intercept)	0.375421424728678	0.566151292106851	0.663111486209986	0.522250308429423
sqrt(dose)	0.956228270185967	0.0413458444863492	23.1275544632225	5.16331928064307e-10
