comparison	p.value	p.adj
50 ng vs 0 ng	0.1	0.3
200 ng vs 0 ng	0.1	0.3
500 ng vs 0 ng	0.0765225004750592	0.229567501425178
