	Estimate	Std. Error	t value	Pr(>|t|)	p.adj
(Intercept)	11.9378034056276	3.53765957556819	3.37449184994299	0.00165410658628687	0.013232852690295
sqrt(dose)	3.32573956568901	0.387725101103007	8.57757095485407	1.32611048786156e-10	1.06088839028924e-09
genotypehet	-6.77113295566906	5.00300615082759	-1.35341287848487	0.183523045261077	1
genotypehet+RUNX3	-0.754757892794501	5.00300615082759	-0.150860876449183	0.880843701017846	1
genotypeKO	-8.63867837818214	5.00300615082759	-1.72669753299287	0.0919386870078474	0.735509496062779
sqrt(dose):genotypehet	-2.24068164713824	0.548326096452352	-4.08640344064482	0.000204791900550193	0.00163833520440154
sqrt(dose):genotypehet+RUNX3	-1.0481604437191	0.548326096452352	-1.9115640318793	0.0631151072426375	0.5049208579411
sqrt(dose):genotypeKO	-3.14809455223102	0.548326096452352	-5.74128164353123	1.09189006436658e-06	8.73512051493262e-06
