contrast	estimate	SE	df	t.ratio	p.value
KO - WT	-0.00178667690993944	0.000326680413740648	40	-5.46918895283967	1.52556422005068e-05
KO - het	-0.000304179839931256	0.000326680413740648	40	-0.931123590937854	0.788384749543667
KO - (het+RUNX3)	-0.00112951417247896	0.000326680413740648	40	-3.45755094266435	0.00687956711101378
WT - het	0.00148249707000819	0.000326680413740648	40	4.53806536190181	0.000287781477211646
WT - (het+RUNX3)	0.000657162737460486	0.000326680413740648	40	2.01163801017531	0.200813188957776
het - (het+RUNX3)	-0.000825334332547703	0.000326680413740648	40	-2.5264273517265	0.0709591874024786
