comparison	p.value	p.adj
het+RUNX3 vs het	0.174525340568583	0.349050681137167
het+RUNX3 vs WT	0.60150813444059	1
