	Estimate	Std. Error	t value	Pr(>|t|)	p.adj
(Intercept)	4.55315701105771	1.24907976729742	3.6452091613886	0.000761069788218692	0.00608855830574954
sqrt(dose)	1.37557097901877	0.136898299204872	10.0481232199984	1.68129882048554e-12	1.34503905638843e-11
genotypehet	-0.322305603180993	1.76646554739785	-0.182457905083842	0.8561449884826	1
genotypehet+RUNX3	-0.310055935587175	1.76646554739785	-0.175523341535822	0.861553980263124	1
genotypeKO	0.0742453884886469	1.76646554739784	0.0420304763928267	0.966683507842093	1
sqrt(dose):genotypehet	-1.17460495027638	0.193603431401339	-6.06706679615314	3.80390583762144e-07	3.04312467009716e-06
sqrt(dose):genotypehet+RUNX3	-0.767382823507643	0.193603431401339	-3.96368400060462	0.000296600318040792	0.00237280254432634
sqrt(dose):genotypeKO	-1.30003169309622	0.193603431401339	-6.71492072060056	4.68764199905305e-08	3.75011359924244e-07
