comparison	p.value	p.adj
het+RUNX3 vs het	0.0826313951334738	0.165262790266948
het+RUNX3 vs WT	0.0761374984710575	0.152274996942115
