comparison	p.value	p.adj
het vs WT	0.104652866424954	0.209305732849908
KO vs WT	0.21697480367095	0.4339496073419
