comparison	p.value	p.adj
het vs WT	0.0270764548182684	0.0812293644548052
het+RUNX3 vs WT	0.0761374984710575	0.228412495413173
KO vs WT	0.0274802395451205	0.0824407186353616
