comparison	p.value	p.adj
het vs WT	0.0495346134356267	0.0743019201534401
het+RUNX3 vs WT	0.275233524074834	0.275233524074834
KO vs WT	0.0495346134356267	0.0743019201534401
